client_account,file_count
Aetna Life Insurance Company,666
Aerotek,99
1199 SEIU National Benefit Funds,72
AArete LLC,47
AAPC,45
Advanced Communications Group,34
8x8,33
Accenture,31
AE & Associates,25
"AON / Albert G. Ruben Insurance Services, Inc.",24
Actian,23
AMERICAN SOCIETY OF ANESTHESIOLOGISTS_LV,22
AXIOM Systems,21
3Tech Innovation Master Corp,21
AdvantMed,17
AT&T,17
ATKOTT,16
Ace Interior Pvt. Ltd.,16
AIA Health Insurance Pty Ltd,15
Actcon Pvt. Ltd.,14
Addison Group,11
3M Company,11
AOS Services,11
AON Risk Services,11
Accurate Background LLC,10
Ace Enterprises,10
ActivTrak,9
Adams Direct & Media Services,8
"3M Health Information System, Inc.",7
"Access Information Intermediate Holdings, LLC",7
AdventHealth,7
Advantage Laser Products,7
Aaryankaraje Associates,7
"ADP, Inc",6
ABBYY,6
Ablebits,6
1Password,6
ADV Technology and Engineering Services,5
Ability Network,5
"Accounting Principals, Parker+Lynch, Ajilon (formerly Benchmark Search Group, Inc)",5
AON Risk Solutions,5
12556456 Canada Inc.,5
Adobe Inc,4
ARK Logistics Services Pvt Ltd,4
"Accent Micro Technologies, Inc.",4
"Adaptive Insights, Inc.",4
Acorn Research,4
ActiveCyber.net,4
AdminisTEP,4
"Activate 180, LLC",4
"Adnet Advertising Agency, Inc",4
3M Australia Pty Ltd,4
ADP Benefit Services,4
AK Steel,3
AJ's Coffee Break Inc.,3
15762669 Canada Inc.,3
AVCS Holding Corporation (Encore AV InterContinental San Antonio),3
Ability,3
Access San Diego,3
Advalent LLC,3
Accion Labs,3
Abstrakti Software,3
"Accuity, Inc",3
AHT Insurance,3
AR Cafe Pvt Ltd,3
AON RISK SERVICES NORTHEAST INC,3
AGS Benefits Group,3
AT&T Global Network Services India Pvt Ltd,2
Abarca Health LLC,2
Aakirti International Ltd.,2
ATRIO Health Plans,2
Ace Kitchen,2
APCO Worldwide LLC,2
AE Workspace,2
AI21,2
AHIMA,2
7-Eleven,2
"375 Riverside Parkway B LLC (fka 375 Riverside Pkwy LLC ""Centersquare""",2
24x7 Translines,2
ARD Massage LLC,2
Accordion Partners LLC,2
"APWD, Inc.",2
ACA Health Benefits Fund,2
ACORD Corporation,2
Advise Insurance,2
Advanstar Communications,2
Adra Corporation,2
"11.2 Healthcare, Inc.",1
AR Enterprise,1
AR Cafe Private Limited,1
AMERICAN ACADEMY HOLDINGS LLC ABA AAPC,1
ACOF Investment,1
ACT.md,1
ACAP,1
ACE Seattle,1
AGS Four Winds,1
24slides,1
180 Racing LLC,1
30 North Group,1
2Win!,1
AAA Washington,1
A. Venkatesh,1
"A-lign Compliance and Security, Inc.",1
AC Marriott Nashville,1
Ace Hotel Sydney,1
Accounting Solutions Partners,1
Accellion,1
Access Programs Australia Ltd,1
Accel - KKR,1
ATT Corp,1
AWS India,1
"Abacus Insights, Inc.",1
Aditi Consulting LLC,1
Acutate,1
Act-On Services,1
Acteva,1
Advanced Systems Group,1
Advanced Document Systems,1
Adminisoft,1
Advent International Corporation,1
