account_name,account_type
1199 SEIU National Benefit Funds,Client
24slides,Vendor
24x7 Translines,Vendor
3M Australia Pty Ltd,Vendor
3M Company,Vendor
"3M Health Information System, Inc.",Vendor
3Tech Innovation Master Corp,Vendor
7-Eleven,Client
8x8,Vendor
"A-lign Compliance and Security, Inc.",Vendor
A. Venkatesh,Vendor
AAPC,Vendor
AArete LLC,Vendor
AC Marriott Nashville,Vendor
ACA Health Benefits Fund,Client
ACT.md,Client
ADP Benefit Services,Vendor
ADV Technology and Engineering Services,Vendor
AE & Associates,Vendor
AGS Four Winds,Vendor
AI21,Vendor
AIA Health Insurance Pty Ltd,Client
AJ's Coffee Break Inc.,Vendor
AMERICAN SOCIETY OF ANESTHESIOLOGISTS_LV,Vendor
"AON / Albert G. Ruben Insurance Services, Inc.",Vendor
AON RISK SERVICES NORTHEAST INC,Vendor
AON Risk Solutions,Vendor
AOS Services,Vendor
APCO Worldwide LLC,Vendor
"APWD, Inc.",Vendor
AR Cafe Private Limited,Vendor
AR Cafe Pvt Ltd,Vendor
AR Enterprise,Vendor
ARK Logistics Services Pvt Ltd,Vendor
AT&T Global Network Services India Pvt Ltd,Vendor
ATKOTT,Vendor
ATRIO Health Plans,Client
AVCS Holding Corporation (Encore AV InterContinental San Antonio),Vendor
AWS India,Vendor
AXIOM Systems,Vendor
Aakirti International Ltd.,Vendor
Aaryankaraje Associates,Vendor
"Abacus Insights, Inc.",Vendor
Abarca Health LLC,Client
Accellion,Vendor
Accenture,Client
Access Programs Australia Ltd,Vendor
Accurate Background LLC,Vendor
Ace Enterprises,Vendor
Ace Interior Pvt. Ltd.,Vendor
Ace Kitchen,Vendor
Actcon Pvt. Ltd.,Vendor
Actian,Vendor
"Activate 180, LLC",Vendor
AdminisTEP,Vendor
"Adnet Advertising Agency, Inc",Vendor
AdvantMed,Client
Advise Insurance,Client
Aerotek,Vendor
Aetna Life Insurance Company,Client
Secure Exchange Solutions,Vendor
Community First Health Plans,Client
"Rapid7, Inc.",Vendor
Ochsner Health System,Client
Integrated Behavioral Health,Client
Maryland Physicians Care (MPC),Client
Self Insured Services Co,Client
Best Corporate Events,Vendor
SWAT Mobility Pte Ltd,Vendor
Kaiser Permanente of Southern California,Client
Cross X Fitness,Vendor
T3COGNO PVT. LTD.,Vendor
Blue Shield of California,Client
BSR & Co LLP,Vendor
CPAS Technologies Private Limited,Vendor
Arthur J Gallagher & Co.,Client
CloudPay Asia Pte Ltd,Vendor
Datalogics,Vendor
Try TechSol Inida,Vendor
Classic Engineers,Vendor
Macedon Consulting,Vendor
Jsons Travel and Tours,Vendor
Fragomen Worldwide Attorneys at Law,Vendor
Boston Benefit Partners,Client
AxialHealthcare,Client
American Social Brickell LLC,Vendor
Philcopy Corporation,Vendor
Visionary RCM Infotech India Private Limited,Vendor
RethinkFirst,Vendor
Hotel Jackson,Vendor
nThrive Global Health Care Services,Vendor
"Etiqa Life and General Assurance Philippines , Inc.",Vendor
Martin's Point Health Care,Client
Moveworks,Vendor
"Capital Health Plan, Inc.",Client
SecqureOne,Vendor
Marriott Puerto Vallarta Resort & Spa,Vendor
Fortune Vision,Vendor
The Standard,Client
Blue Cross and Blue Shield of Nebraska,Client
Horizon Blue Cross Blue Shield of New Jersey,Client
"Wellth, Inc.",Client
Berkshire Associates,Vendor
"Sign In App, Inc",Vendor
Reciprocity,Vendor
Inogen,Client
Verisma,Vendor
"Albertsons Companies, Inc.",Client
Sierra Health Plan of Nevada,Client
Humana,Client
Bhatbhateni,Vendor
Crumdale Partners - Better Benefits,Client
Vendor - CVS Caremark,Vendor
"Care Wisconsin First, Inc.",Client
PagerDuty,Vendor
BFMS Facility Management Pvt Ltd,Vendor
